run,total_return_pct,sharpe,max_dd_pct,win_rate_pct,final_balance,actual_n_trades,broke
1,-22.866,-0.017,-46.512,14.698,7713.433060367446,1143,False
2,-73.255,-0.306,-80.19,13.998,2674.5029816272836,1143,False
3,56.714,0.812,-32.501,16.36,15671.368213473315,1143,False
4,-32.078,-0.07,-70.265,14.786,6792.2253963254625,1143,False
5,10.01,0.28,-37.051,15.923,11000.96009448821,1143,False
6,3.355,0.193,-30.217,15.486,10335.481389326336,1143,False
7,3.534,0.229,-45.844,15.748,10353.372692913399,1143,False
8,-100.043,-1.417,-100.039,13.618,-4.291895013106114,749,True
9,-24.875,-0.141,-44.238,15.223,7512.544836395471,1143,False
10,-92.935,-0.628,-92.965,13.998,706.4595870515623,1143,False
11,31.891,0.487,-43.498,16.185,13189.144311461052,1143,False
12,45.73,0.627,-39.154,16.273,14572.99774978129,1143,False
13,-100.493,-1.093,-100.449,12.7,-49.25351881016104,1063,True
14,68.143,0.781,-27.716,16.71,16814.272465441823,1143,False
15,1.173,0.166,-36.696,15.486,10117.285273840773,1143,False
16,22.327,0.402,-38.555,16.273,12232.73745231844,1143,False
17,-35.852,0.074,-79.513,14.698,6414.757784776876,1143,False
18,-100.328,-0.537,-100.327,12.966,-32.801298337682965,671,True
19,-39.102,-0.487,-57.855,15.223,6089.797259842524,1143,False
20,-100.601,-0.8,-100.601,13.567,-60.066089238856875,855,True
21,30.415,0.508,-24.231,16.535,13041.541056867874,1143,False
22,-61.196,-0.248,-76.188,14.698,3880.4157375327977,1143,False
23,-34.756,-0.243,-46.337,15.136,6524.439254593173,1143,False
24,4.082,0.214,-42.624,15.311,10408.213427821536,1143,False
25,-71.944,-1.033,-79.721,14.523,2805.5762274716,1143,False
26,46.477,0.648,-34.627,16.36,14647.674495188101,1143,False
27,-37.721,-0.144,-57.361,14.611,6227.871450568696,1143,False
28,-71.468,-0.27,-82.084,13.998,2853.2215468066224,1143,False
29,-22.245,0.013,-52.093,15.573,7775.469210848651,1143,False
30,-69.523,-0.425,-83.436,13.911,3047.6922379702446,1143,False
31,-32.988,-0.104,-58.557,15.136,6701.213112860866,1143,False
32,-4.35,0.116,-38.262,15.311,9564.988510936137,1143,False
33,15.132,0.33,-37.557,16.01,11513.195895013108,1143,False
34,3.225,0.185,-44.331,15.486,10322.451853018385,1143,False
35,-100.196,-1.807,-100.195,13.347,-19.557844269476846,974,True
36,-41.624,0.415,-94.833,14.961,5837.5687734033045,1143,False
37,-66.275,-0.08,-87.055,14.261,3372.4582922134905,1143,False
38,-73.603,-0.962,-77.997,13.736,2639.6927279090114,1143,False
39,-31.716,-0.235,-44.583,15.048,6828.396944881906,1143,False
40,-16.602,0.181,-78.081,15.223,8339.823156605407,1143,False
41,-17.387,0.073,-55.364,15.311,8261.25699737532,1143,False
42,-43.736,0.058,-80.901,14.873,5626.373602799624,1143,False
43,-31.743,-0.28,-51.074,15.223,6825.674355205571,1143,False
44,-94.814,-0.327,-98.419,13.473,518.600899387573,1143,False
45,-25.544,0.015,-69.472,14.698,7445.646918635177,1143,False
46,37.605,0.578,-35.512,16.535,13760.499202099745,1143,False
47,-100.566,-1.613,-100.522,13.649,-56.60451093612937,1099,True
48,-2.643,0.158,-27.814,15.398,9735.733777777757,1143,False
49,-19.542,0.117,-66.533,14.961,8045.783471566052,1143,False
50,-21.092,0.116,-75.197,15.048,7890.790330708676,1143,False
51,-3.916,0.178,-63.826,16.185,9608.355475065635,1143,False
52,-34.425,-0.27,-56.194,15.223,6557.4992720910195,1143,False
53,-90.223,0.632,-98.317,13.386,977.7462012248798,1143,False
54,41.757,0.607,-40.909,16.448,14175.694127734077,1143,False
55,19.515,0.381,-30.59,16.01,11951.532832895891,1143,False
56,-48.164,-0.641,-58.31,14.523,5183.563839020133,1143,False
57,-49.804,-0.463,-56.37,14.786,5019.625046369211,1143,False
58,-88.585,-1.153,-89.996,13.823,1141.490523184595,1143,False
59,-43.563,0.09,-81.905,14.611,5643.681494313186,1143,False
60,-19.157,0.073,-57.628,15.573,8084.288668416439,1143,False
61,-100.101,-1.296,-100.1,13.453,-10.12601574801738,669,True
62,-100.216,-2.214,-100.202,13.586,-21.599786526663593,449,True
63,-100.354,-0.042,-100.342,13.99,-35.36831146101031,965,True
64,-19.709,0.101,-58.804,14.786,8029.058992126018,1143,False
65,-100.134,0.128,-100.131,14.058,-13.432017497829293,939,True
66,-46.317,-0.185,-64.539,14.348,5368.310995625566,1143,False
67,-100.184,-2.299,-100.18,12.985,-18.352125984258237,670,True
68,-39.475,-0.015,-77.27,14.873,6052.458887139088,1143,False
69,52.552,0.739,-28.069,17.148,15255.200934383223,1143,False
70,-55.607,-0.489,-68.361,14.523,4439.324503937024,1143,False
71,-80.466,-0.55,-88.11,13.736,1953.4056587926443,1143,False
72,-22.578,-0.112,-41.333,14.961,7742.214722659672,1143,False
73,-100.058,-0.223,-100.058,12.958,-5.789319335020991,818,True
74,9.327,0.265,-31.395,15.661,10932.700881889767,1143,False
75,-26.531,-0.11,-36.739,15.311,7346.855807524067,1143,False
76,-27.805,-0.013,-67.059,14.786,7219.477504811875,1143,False
77,-100.046,0.565,-100.046,13.717,-4.641942257221672,955,True
78,-16.932,0.247,-85.686,15.048,8306.76313910759,1143,False
79,8.606,0.259,-36.769,16.098,10860.552255468076,1143,False
80,-34.108,-0.143,-57.924,15.048,6589.197994750644,1143,False
81,2.005,0.191,-42.096,15.748,10200.5187296588,1143,False
82,11.437,0.292,-34.785,16.623,11143.701581802285,1143,False
83,48.626,0.726,-20.146,16.535,14862.56460892388,1143,False
84,-100.355,-1.21,-100.355,14.211,-35.46554680663212,950,True
85,-38.886,-0.386,-51.355,15.311,6111.383506561696,1143,False
86,67.972,0.794,-26.798,16.973,16797.159044619442,1143,False
87,20.427,0.373,-57.897,16.36,12042.739587051603,1143,False
88,-100.101,-1.272,-100.095,13.607,-10.087121609814858,1095,True
89,30.61,0.509,-35.181,16.01,13060.988125984255,1143,False
90,-100.181,-1.683,-100.162,13.747,-18.079867016638673,902,True
91,-100.42,-1.288,-100.414,13.826,-42.03865616796793,1056,True
92,-69.879,-0.286,-84.3,14.348,3012.104101487297,1143,False
93,53.894,0.734,-32.492,16.71,15389.385711286031,1143,False
94,-19.686,-0.015,-39.091,15.223,8031.392640419953,1143,False
95,-41.545,-0.348,-61.664,14.173,5845.542071741048,1143,False
96,-56.669,-0.222,-71.143,14.436,4333.14350656166,1143,False
97,2.416,0.231,-54.966,15.661,10241.552045494316,1143,False
98,-45.119,-0.444,-61.238,14.786,5488.104941382308,1143,False
99,-3.648,0.235,-68.634,15.661,9635.192430446215,1143,False
100,-2.394,0.163,-49.149,15.836,9760.626026246744,1143,False
101,-100.073,-1.712,-100.071,12.445,-7.3450848643879,458,True
102,71.633,0.851,-38.115,17.76,17163.34735608047,1143,False
103,-53.738,0.037,-83.197,14.698,4626.210838145222,1143,False
104,-67.981,-0.415,-69.857,14.086,3201.907496062965,1143,False
105,16.482,0.346,-35.74,15.836,11648.158554680651,1143,False
106,-48.477,-0.325,-59.358,14.173,5152.254057742768,1143,False
107,-30.228,-0.219,-55.886,15.223,6977.16702362204,1143,False
108,5.48,0.22,-29.746,15.836,10548.037854768183,1143,False
109,45.773,0.647,-30.941,16.185,14577.276104986879,1143,False
110,-3.463,0.199,-50.058,15.223,9653.66714610674,1143,False
111,-47.577,0.728,-97.012,14.261,5242.293987751516,1143,False
112,-29.338,-0.072,-54.857,15.136,7066.234600175006,1143,False
113,64.809,0.829,-30.455,17.148,16480.9497007874,1143,False
114,-3.251,0.237,-64.515,15.661,9674.864451443551,1143,False
115,-30.471,-0.105,-52.386,15.136,6952.858187226611,1143,False
116,32.848,0.499,-30.5,16.535,13284.823891513535,1143,False
117,-61.861,-0.491,-68.871,14.873,3813.9067611548435,1143,False
118,-10.237,0.17,-73.359,15.486,8976.325728783922,1143,False
119,21.528,0.386,-47.71,16.448,12152.809998250219,1143,False
120,-16.308,0.135,-64.476,15.223,8369.188230971127,1143,False
121,-28.177,-0.263,-48.277,15.136,7182.333602799648,1143,False
122,-35.946,-0.284,-64.844,14.436,6405.423191601056,1143,False
123,8.617,0.273,-42.9,15.486,10861.71907961506,1143,False
124,-33.056,-0.264,-48.067,15.048,6694.406638670171,1143,False
125,-16.39,-0.049,-39.166,14.961,8361.020461942264,1143,False
126,-5.149,0.091,-40.224,15.048,9485.061056867895,1143,False
127,-7.726,0.108,-39.575,14.961,9227.387391076134,1143,False
128,69.776,0.952,-19.959,17.323,16977.62784601922,1143,False
129,-29.054,0.062,-78.874,15.573,7094.627321084867,1143,False
130,-22.434,-0.134,-40.492,15.223,7756.605553805783,1143,False
131,-89.326,-0.646,-92.105,13.911,1067.3971898512536,1143,False
132,-69.313,-0.632,-71.169,14.261,3068.6950726158884,1143,False
133,-47.684,-0.065,-77.019,14.961,5231.598099737515,1143,False
134,-80.483,-0.709,-84.307,13.911,1951.655422572163,1143,False
135,-43.507,-0.297,-56.985,14.523,5649.321144356973,1143,False
136,-100.286,-1.932,-100.282,13.652,-28.620178477691297,586,True
137,-29.377,-0.081,-54.333,14.961,7062.345186351717,1143,False
138,5.681,0.224,-31.598,15.661,10568.068335958009,1143,False
139,25.013,0.443,-25.244,15.836,12501.301476815413,1143,False
140,44.551,0.572,-42.79,16.36,14455.148510936117,1143,False
141,4.144,0.236,-58.573,15.923,10414.436489938782,1143,False
142,16.458,0.346,-26.126,15.923,11645.824906386699,1143,False
143,31.956,0.52,-31.528,16.448,13195.56184426946,1143,False
144,-100.359,-1.108,-100.327,14.028,-35.912829396340385,941,True
145,-100.445,-1.791,-100.431,12.424,-44.469539807512774,491,True
146,-22.741,-0.072,-50.37,15.136,7725.879184601934,1143,False
147,-20.6,0.046,-60.422,14.873,7939.991415573045,1143,False
148,40.763,0.564,-33.728,16.448,14076.31960454945,1143,False
149,43.052,0.579,-31.421,16.36,14305.211608049036,1143,False
150,-51.554,-0.389,-69.155,14.698,4844.601424321945,1143,False
151,-54.961,-0.382,-58.147,14.173,4503.88877340333,1143,False
152,-64.294,-0.263,-72.449,13.998,3570.623926509188,1143,False
153,9.096,0.271,-50.731,16.01,10909.558869641314,1143,False
154,22.878,0.413,-27.01,15.748,12287.772657917772,1143,False
155,-2.219,0.145,-27.231,16.098,9778.128388451465,1143,False
156,-100.568,-1.314,-100.544,12.189,-56.7795345581726,402,True
157,4.01,0.192,-25.411,15.836,10401.018012248525,1143,False
158,-25.221,0.024,-63.872,15.486,7477.929053368356,1143,False
159,13.146,0.312,-26.431,16.01,11314.641319335096,1143,False
160,11.478,0.293,-31.445,15.836,11147.78546631673,1143,False
161,-54.572,-0.288,-71.241,14.786,4542.782911635992,1143,False
162,-38.789,-0.216,-54.576,14.611,6121.107041119908,1143,False
163,-28.77,-0.175,-32.898,15.048,7123.020041994754,1143,False
164,-2.454,0.122,-36.225,15.136,9754.59743482064,1143,False
165,42.545,0.562,-48.507,16.098,14254.454757655294,1143,False
166,-58.209,-0.126,-79.221,14.523,4179.122719160097,1143,False
167,-100.183,-0.831,-100.178,12.839,-18.3326789151306,553,True
168,-1.281,0.171,-45.47,15.573,9871.863261592289,1143,False
169,-30.147,-0.259,-45.597,15.048,6985.334792650902,1143,False
170,-8.732,0.018,-47.865,15.573,9126.846043744532,1143,False
171,31.308,0.462,-39.101,16.535,13130.803104112,1143,False
172,17.178,0.346,-45.44,15.748,11717.779062117263,1143,False
173,-58.407,-0.357,-69.322,14.611,4159.286708661411,1143,False
174,-100.203,-0.906,-100.189,13.429,-20.29683289589957,1050,True
175,-52.556,-0.423,-61.541,13.998,4744.449018372725,1143,False
176,-85.143,-0.075,-95.486,13.823,1485.703646544156,1143,False
177,-62.151,-0.54,-75.083,14.173,3784.9306281714826,1143,False
178,-70.581,-0.225,-83.612,14.261,2941.9001819772484,1143,False
179,-10.4,-0.018,-49.621,15.748,8959.99019072619,1143,False
180,-65.042,-0.539,-67.78,14.348,3495.7527104111614,1143,False
181,-2.302,0.225,-65.478,15.836,9769.766148731402,1143,False
182,-39.16,0.018,-77.974,14.873,6083.963139107578,1143,False
183,-25.966,0.105,-72.702,14.961,7403.446778652649,1143,False
184,41.751,0.667,-21.964,17.06,14175.110715660532,1143,False
185,-17.475,-0.023,-41.507,15.311,8252.505816272966,1143,False
186,-6.933,0.1,-42.113,15.311,9306.73143307088,1143,False
187,2.822,0.192,-33.531,16.098,10282.19641994752,1143,False
188,-12.685,0.05,-52.778,14.961,8731.487128608922,1143,False
189,49.32,0.603,-47.526,16.36,14931.990645669317,1143,False
190,-11.45,0.188,-62.092,15.661,8854.976017497802,1143,False
191,85.842,1.052,-30.603,17.585,18584.150225721758,1143,False
192,43.126,0.606,-36.535,16.36,14312.601494313207,1143,False
193,-5.785,0.147,-51.309,15.311,9421.4691408574,1143,False
194,-18.79,0.066,-62.793,15.223,8121.043629046375,1143,False
195,-61.021,-0.203,-74.727,14.523,3897.9180997375006,1143,False
196,55.656,0.794,-29.184,16.798,15565.576157480336,1143,False
197,-20.359,0.161,-72.161,15.048,7964.1057812773415,1143,False
198,-23.124,-0.013,-56.76,15.048,7687.568458442704,1143,False
199,-51.441,-0.467,-65.392,14.348,4855.880724409463,1143,False
200,-100.357,-1.482,-100.357,12.975,-35.698911636061894,894,True
201,30.318,0.48,-36.331,16.535,13031.817522309708,1143,False
202,28.945,0.504,-33.7,16.623,12894.521214348191,1143,False
203,-100.569,-1.151,-100.569,12.873,-56.876769903750755,637,True
204,66.184,0.99,-24.716,17.673,16618.440479440036,1143,False
205,36.648,0.555,-26.42,16.273,13664.819622047242,1143,False
206,-1.414,0.216,-62.296,15.398,9858.639254593189,1143,False
207,-63.059,-0.54,-70.093,13.998,3694.1128153980935,1143,False
208,-72.689,0.361,-93.657,13.911,2731.093952755905,1143,False
209,34.871,0.501,-42.413,16.185,13487.07341032372,1143,False
210,-58.147,-0.093,-84.075,14.436,4185.345781277346,1143,False
211,-15.909,0.131,-72.58,15.048,8409.05472265965,1143,False
212,-100.162,-2.32,-100.155,13.97,-16.15460717411588,859,True
213,-100.437,-1.745,-100.391,13.13,-43.730551181097326,655,True
214,-15.991,0.003,-35.752,15.398,8400.88695363079,1143,False
215,33.774,0.476,-53.25,16.36,13377.391940507463,1143,False
216,-6.497,0.155,-54.073,16.185,9350.292867891503,1143,False
217,-9.698,0.076,-54.416,15.836,9030.19411023622,1143,False
218,-53.425,-0.364,-75.199,14.961,4657.520619422557,1143,False
219,64.755,0.771,-31.599,17.06,16475.504521434832,1143,False
220,-12.856,0.047,-39.856,15.398,8714.373707786546,1143,False
221,-35.798,-0.318,-56.996,14.698,6420.20296412947,1143,False
222,3.705,0.229,-50.655,16.273,10370.48611373579,1143,False
223,-18.69,-0.083,-38.369,15.398,8130.961634295729,1143,False
224,-72.782,-0.161,-90.988,13.911,2721.75935958008,1143,False
225,-74.459,-0.748,-75.186,14.261,2554.1256237970365,1143,False
226,-16.53,0.087,-63.933,15.486,8347.018572178495,1143,False
227,-90.164,-0.476,-94.242,13.473,983.5803219597547,1143,False
228,-7.868,0.069,-36.635,15.398,9213.191030621181,1143,False
229,-31.23,-0.271,-47.085,15.048,6877.014617672792,1143,False
230,-33.05,-0.18,-52.196,15.223,6694.990050743678,1143,False
231,-5.429,0.094,-31.427,15.661,9457.057277340318,1143,False
232,-7.399,0.128,-46.498,15.661,9260.058467191619,1143,False
233,-17.597,0.092,-72.451,15.136,8240.254162729647,1143,False
234,14.321,0.325,-36.613,16.01,11432.101616797878,1143,False
235,-82.724,0.494,-98.64,13.998,1727.6251863516918,1143,False
236,49.456,0.699,-25.295,16.535,14945.603594050737,1143,False
237,3.407,0.216,-49.255,15.923,10340.732097987751,1143,False
238,-26.127,-0.038,-48.853,15.048,7387.3057112861125,1143,False
239,-48.254,-0.391,-64.291,14.436,5174.618187226569,1143,False
240,-28.943,-0.164,-58.524,14.873,7105.71215048119,1143,False
241,-9.665,0.078,-56.137,15.398,9033.500111986035,1143,False
242,43.252,0.597,-26.87,16.535,14325.242089238836,1143,False
243,-31.051,-0.264,-47.996,14.961,6894.905921259833,1143,False
244,3.044,0.234,-47.443,15.311,10304.366078740195,1143,False
245,10.019,0.276,-25.71,16.01,11001.93244794401,1143,False
246,6.865,0.27,-64.036,15.311,10686.500986876648,1143,False
247,-0.995,0.111,-45.506,15.398,9900.450453193316,1143,False
248,-32.21,0.036,-67.479,14.698,6779.001389326339,1143,False
249,-0.136,0.162,-32.403,15.748,9986.406498687651,1143,False
250,6.241,0.24,-31.627,15.748,10624.07589501311,1143,False
251,-7.469,0.064,-42.103,15.223,9253.057522309682,1143,False
252,-66.186,-0.287,-78.486,13.998,3381.4039440069655,1143,False
253,24.165,0.438,-28.178,16.623,12416.512255468087,1143,False
254,-100.402,-1.523,-100.372,12.924,-40.24952580928948,472,True
255,-92.568,0.059,-95.696,13.561,743.2145476815767,1143,False
256,-43.709,-0.024,-72.735,15.048,5629.096192475906,1143,False
257,32.352,0.489,-59.744,15.923,13235.233865266862,1143,False
258,-19.431,-0.057,-46.861,15.573,8056.868300962387,1143,False
259,14.869,0.333,-50.079,15.923,11486.94235170603,1143,False
260,-44.983,-0.347,-48.123,15.048,5501.717889763804,1143,False
261,53.126,0.74,-29.604,16.71,15312.569788276458,1143,False
262,21.826,0.404,-27.679,16.535,12182.56401399826,1143,False
263,-51.291,-0.485,-63.5,14.173,4870.854967629062,1143,False
264,38.696,0.619,-28.251,16.098,13869.59725984249,1143,False
265,13.386,0.309,-38.675,16.185,11338.561214348161,1143,False
266,-71.53,-0.371,-78.382,14.173,2846.998484689405,1143,False
267,-100.398,-0.771,-100.357,13.153,-39.841137357838306,555,True
268,4.424,0.206,-35.126,16.36,10442.440269466346,1143,False
269,-91.286,-0.196,-96.581,14.436,871.3707331583628,1143,False
270,-94.662,-0.026,-97.3,13.561,533.7696132983037,1143,False
271,18.545,0.374,-46.953,15.923,11854.49195800526,1143,False
272,-28.855,-0.129,-45.207,14.873,7114.463331583591,1143,False
273,-71.178,-0.298,-78.328,14.523,2882.197679789976,1143,False
274,54.04,0.731,-30.715,16.535,15403.971013123348,1143,False
275,-100.038,-0.937,-100.038,12.994,-3.844612423439685,708,True
276,-62.269,0.161,-90.728,14.261,3773.0679160104746,1143,False
277,97.8,1.085,-28.831,17.673,19779.950505686815,1143,False
278,-2.343,0.198,-54.915,16.01,9765.682264216974,1143,False
279,-25.997,-0.15,-37.876,15.223,7400.335247594044,1143,False
280,-4.829,0.184,-55.343,15.136,9517.148720909901,1143,False
281,-10.902,0.146,-63.871,14.961,8909.816752405955,1143,False
282,-14.735,0.03,-45.709,15.398,8526.515020122479,1143,False
283,-15.985,0.053,-46.587,15.048,8401.470365704274,1143,False
284,-4.531,0.106,-40.692,15.836,9546.902736657896,1143,False
285,-68.953,-0.015,-91.76,14.261,3104.6721504811585,1143,False
286,6.299,0.251,-43.451,15.048,10629.910015748015,1143,False
287,-100.405,-1.453,-100.353,12.426,-40.482890638666504,676,True
288,11.056,0.286,-30.572,16.098,11105.585326334221,1143,False
289,38.706,0.611,-33.167,16.973,13870.569613298318,1143,False
290,-47.89,-0.105,-80.592,14.436,5210.984206474154,1143,False
291,-14.675,0.002,-39.72,15.136,8532.543611548566,1143,False
292,-2.73,0.226,-60.692,15.398,9726.982596675402,1143,False
293,-100.349,-0.909,-100.348,13.31,-34.90158180227263,1127,True
294,40.783,0.53,-54.998,16.185,14078.264311461076,1143,False
295,-75.233,-0.731,-85.017,13.998,2476.7262887138986,1143,False
296,-40.133,-0.28,-63.457,15.311,5986.727793525835,1143,False
297,78.09,0.94,-18.715,17.06,17808.99005074366,1143,False
298,-51.92,-0.383,-64.066,14.611,4808.040934383156,1143,False
299,-100.226,0.124,-100.226,12.698,-22.64992825896843,567,True
300,-55.591,-0.267,-68.164,14.523,4440.8802694662745,1143,False
301,-100.272,-0.683,-100.262,13.819,-27.161648293969847,1071,True
302,72.19,0.979,-31.141,17.673,17218.965973753267,1143,False
303,-59.263,-0.272,-76.248,14.348,4073.71960454942,1143,False
304,-25.617,-0.139,-45.593,14.873,7438.257032370979,1143,False
305,-64.601,-0.227,-79.224,13.998,3539.897557305346,1143,False
306,-24.211,-0.032,-54.652,15.398,7578.859342082232,1143,False
307,-100.466,-0.479,-100.423,13.661,-46.628164479421685,1098,True
308,-100.343,0.618,-100.339,14.113,-34.337616797909504,744,True
309,-18.836,0.14,-73.106,14.698,8116.376332458452,1143,False
310,-17.331,-0.056,-37.112,15.311,8266.896647419071,1143,False
311,-20.419,0.022,-52.689,15.136,7958.07718985129,1143,False
312,-46.336,-0.363,-50.706,14.873,5366.366288713899,1143,False
313,-47.322,0.063,-81.98,14.786,5267.769648293954,1143,False
314,-52.536,-0.488,-70.324,14.611,4746.3937252843225,1143,False
315,-15.915,-0.036,-41.474,15.311,8408.471310586185,1143,False
316,-55.677,0.132,-86.281,14.698,4432.323559055064,1143,False
317,-35.654,-0.233,-52.916,14.786,6434.593795275585,1143,False
318,21.448,0.391,-35.293,16.273,12144.83669991251,1143,False
319,-31.574,-0.164,-47.165,14.786,6842.593305336837,1143,False
320,-100.002,-1.251,-100.002,13.286,-0.20801049870169663,1129,True
321,-10.488,0.087,-52.873,15.223,8951.239009623818,1143,False
322,-68.559,-0.869,-76.657,14.523,3144.1497007873777,1143,False
323,26.44,0.459,-31.608,16.71,12644.042964129498,1143,False
324,-45.905,-0.329,-53.299,14.436,5409.538782152246,1143,False
325,-17.613,-0.076,-32.298,15.486,8238.698397200355,1143,False
326,-35.732,-0.045,-67.264,15.048,6426.814967629023,1143,False
327,13.891,0.321,-46.598,15.923,11389.12359405074,1143,False
328,-0.752,0.408,-91.196,15.223,9924.759289588808,1143,False
329,20.478,0.376,-34.762,15.748,12047.795825021878,1143,False
330,-47.999,-0.24,-68.644,14.261,5200.093847769035,1143,False
331,-49.854,-0.296,-68.982,14.611,5014.5688083989235,1143,False
332,-30.923,-0.288,-46.071,14.698,6907.74098687663,1143,False
333,1.854,0.241,-49.229,15.573,10185.35001574806,1143,False
334,-19.194,-0.075,-41.828,15.136,8080.593725284346,1143,False
335,-93.529,0.33,-99.681,13.473,647.1460262467226,1143,False
336,-100.245,-1.958,-100.233,12.893,-24.53629396328506,636,True
337,2.396,0.212,-46.328,15.836,10239.607338582706,1143,False
338,0.714,0.162,-41.163,15.311,10071.390190726168,1143,False
339,-100.554,-0.707,-100.554,13.812,-55.39879265089621,905,True
340,11.705,0.326,-65.524,16.01,11170.538537182865,1143,False
341,-100.571,-1.444,-100.563,12.895,-57.051793525806715,380,True
342,1.62,0.178,-34.269,15.311,10162.013532808394,1143,False
343,-29.865,-0.215,-39.718,15.223,7013.533042869626,1143,False
344,24.198,0.429,-25.372,16.448,12419.818257217823,1143,False
345,20.101,0.382,-34.0,16.01,12010.068510936135,1143,False
346,144.704,1.682,-16.091,18.985,24470.389105861745,1143,False
347,65.792,0.764,-32.03,16.71,16579.157399825017,1143,False
348,95.271,1.066,-17.582,17.498,19527.138607174107,1143,False
349,-14.167,0.095,-59.324,15.223,8583.30046194225,1143,False
350,35.975,0.635,-19.086,16.885,13597.532762904624,1143,False
351,18.831,0.364,-39.136,15.573,11883.079149606312,1143,False
352,-19.803,0.057,-59.721,14.698,8019.724398950157,1143,False
353,-36.798,-0.18,-57.032,14.786,6320.2450288714135,1143,False
354,-100.523,-1.063,-100.505,13.249,-52.26781452318937,868,True
355,27.695,0.465,-52.64,16.623,12769.47655993,1143,False
356,-2.435,0.199,-49.418,15.136,9756.542141732283,1143,False
357,25.88,0.458,-24.269,15.573,12588.035405074363,1143,False
358,-23.657,-0.156,-51.932,15.573,7634.283489063886,1143,False
359,-81.656,-1.19,-83.504,13.823,1834.3895958005296,1143,False
360,-39.814,-0.367,-48.797,14.698,6018.6209868766355,1143,False
361,-69.863,-0.769,-79.252,14.348,3013.6598670166377,1143,False
362,-100.605,-0.745,-100.605,14.016,-60.49392475941022,899,True
363,-48.474,0.038,-83.838,14.261,5152.642999125074,1143,False
364,-100.099,-1.755,-100.099,13.774,-9.931545056853793,1089,True
365,-58.969,-0.49,-66.15,14.436,4103.084678915153,1143,False
366,-8.87,0.134,-61.032,15.311,9113.038624671974,1143,False
367,-1.863,0.113,-41.804,16.01,9813.716524934383,1143,False
368,7.221,0.252,-36.403,16.185,10722.089123359552,1143,False
369,-48.734,0.44,-94.434,14.173,5126.5839265091645,1143,False
370,41.804,0.611,-35.782,15.836,14180.361424321974,1143,False
371,-78.292,-1.21,-85.753,13.648,2170.82389151357,1143,False
372,-47.754,-0.488,-58.145,14.173,5224.597154855639,1143,False
373,-24.367,0.546,-97.054,15.048,7563.301686789148,1143,False
374,-23.412,-0.002,-47.033,14.786,7658.786796150502,1143,False
375,-24.577,-0.058,-59.085,15.136,7542.298852143496,1143,False
376,-100.529,-1.368,-100.516,12.216,-52.94846194225647,573,True
377,23.951,0.428,-26.305,16.01,12395.120479440095,1143,False
378,-44.652,-0.119,-66.271,14.786,5534.777907261577,1143,False
379,76.944,0.991,-17.217,16.885,17694.446813648294,1143,False
380,6.34,0.225,-34.981,15.486,10633.993900262474,1143,False
381,-71.227,-0.253,-81.598,14.348,2877.3359125109228,1143,False
382,-47.206,-0.133,-71.466,14.873,5279.437889763774,1143,False
383,6.103,0.263,-56.555,15.836,10610.268475940527,1143,False
384,-25.139,0.034,-67.497,15.136,7486.09682239721,1143,False
385,-29.413,-0.186,-41.497,14.873,7058.650243219617,1143,False
386,-4.794,0.087,-35.914,15.748,9520.649193350831,1143,False
387,-15.678,0.041,-54.761,15.661,8432.196734908159,1143,False
388,10.714,0.29,-39.093,15.486,11071.358484689428,1143,False
389,-100.564,-0.988,-100.538,14.091,-56.41004024499671,809,True
390,-72.304,0.217,-97.752,14.086,2769.599149606269,1143,False
391,-10.53,0.052,-57.614,16.36,8946.960654418193,1143,False
392,-100.405,-1.556,-100.399,12.927,-40.5217847768854,410,True
393,24.432,0.431,-38.824,15.748,12443.154740157475,1143,False
394,-48.022,-0.259,-65.058,14.611,5197.760199475065,1143,False
395,-57.54,-0.193,-84.572,14.786,4246.0206369203715,1143,False
396,2.865,0.212,-41.613,15.136,10286.474775153087,1143,False
397,-100.209,-2.238,-100.209,13.536,-20.93858617672413,591,True
398,18.994,0.361,-49.519,16.185,11899.414687664063,1143,False
399,8.051,0.248,-36.706,15.661,10805.12810848644,1143,False
400,1.502,0.17,-29.499,15.748,10150.15082064743,1143,False
401,-7.073,0.078,-40.928,15.836,9292.72954330708,1143,False
402,2.602,0.218,-63.64,16.185,10260.221231846046,1143,False
403,13.627,0.313,-44.425,16.098,11362.675580052506,1143,False
404,-33.402,-0.174,-63.556,14.611,6659.790855643074,1143,False
405,-92.488,-1.113,-92.677,13.298,751.1878460192493,1143,False
406,66.704,0.914,-25.061,16.623,16670.36415398072,1143,False
407,29.165,0.502,-25.075,16.36,12916.496402449673,1143,False
408,-70.369,-0.382,-82.307,14.261,2963.097487314083,1143,False
409,-23.681,-0.05,-51.45,14.786,7631.949840769907,1143,False
410,-55.813,-0.268,-67.299,14.348,4418.710610673661,1143,False
411,-37.432,-0.213,-54.689,15.136,6256.847583552057,1143,False
412,62.322,0.803,-30.95,16.798,16232.221686789168,1143,False
413,69.905,0.955,-25.176,16.973,16990.46291163603,1143,False
414,-79.025,-0.841,-81.905,13.823,2097.5084409448937,1143,False
415,85.484,0.958,-28.669,17.498,18548.367618547687,1143,False
416,-48.534,-0.37,-56.039,15.048,5146.614407699052,1143,False
417,-65.342,-0.59,-76.491,13.998,3465.80422397199,1143,False
418,-78.615,-0.323,-87.945,14.086,2138.5417567803697,1143,False
419,-75.466,-0.669,-75.466,13.911,2453.3898057742654,1143,False
420,84.109,1.098,-16.469,17.76,18410.87683989502,1143,False
421,18.457,0.362,-40.181,16.01,11845.740776902869,1143,False
422,-10.719,0.103,-50.506,16.01,8928.09699737532,1143,False
423,38.041,0.543,-33.976,15.836,13804.060636920385,1143,False
424,-59.527,-0.007,-84.321,14.698,4047.2715905511686,1143,False
425,15.608,0.335,-36.46,16.448,11560.841214348231,1143,False
426,-25.347,0.016,-59.604,14.961,7465.288458442677,1143,False
427,-46.78,-0.37,-69.068,15.398,5322.026971128593,1143,False
428,-48.094,-0.337,-59.353,14.523,5190.564783902001,1143,False
429,-31.413,0.111,-75.553,14.698,6858.734372703388,1143,False
430,-54.271,-0.749,-62.217,14.611,4572.925868766408,1143,False
431,11.869,0.33,-64.822,15.398,11186.874075240587,1143,False
432,-59.168,-0.309,-80.239,14.523,4083.2486684164433,1143,False
433,70.35,0.785,-43.45,16.973,17034.996699912528,1143,False
434,26.337,0.442,-37.139,16.098,12633.736017497797,1143,False
435,-75.05,-0.514,-80.918,13.648,2495.006533683262,1143,False
436,-38.692,-0.188,-62.256,14.698,6130.830575678057,1143,False
437,-59.562,0.071,-86.593,14.261,4043.7711181101986,1143,False
438,55.516,0.746,-24.812,16.535,15551.574267716509,1143,False
439,52.605,0.58,-56.652,16.798,15260.451643044635,1143,False
440,-15.242,-0.017,-35.088,15.573,8475.758169728784,1143,False
441,-100.145,-0.447,-100.136,13.807,-14.501606299207197,1014,True
442,14.047,0.321,-31.034,15.836,11404.681249343852,1143,False
443,-62.087,-0.36,-68.278,14.436,3791.3481609798555,1143,False
444,-100.219,-0.555,-100.206,13.254,-21.9109396325548,1011,True
445,-38.396,-0.222,-68.061,14.786,6160.390120734906,1143,False
446,11.081,0.291,-43.026,15.748,11108.11344531934,1143,False
447,-51.225,0.114,-81.439,14.698,4877.466971128572,1143,False
448,-67.514,-0.258,-79.656,14.086,3248.580461942218,1143,False
449,-49.915,-0.129,-74.529,14.261,5008.540216972858,1143,False
450,-100.416,-1.911,-100.402,13.823,-41.64971478566076,926,True
451,-100.079,-1.076,-100.066,12.979,-7.8507086614063155,940,True
452,-26.699,-0.076,-52.248,15.223,7330.131328084013,1143,False
453,-87.543,-1.087,-90.785,13.998,1245.7268136482871,1143,False
454,15.597,0.336,-27.891,16.273,11559.674390201259,1143,False
455,64.718,0.991,-20.437,17.148,16471.809578302695,1143,False
456,-9.455,0.044,-35.394,15.311,9054.50294663168,1143,False
457,63.965,0.806,-27.54,17.235,16396.5494208224,1143,False
458,-36.313,-0.254,-53.987,14.961,6368.668230971152,1143,False
459,-50.714,-0.083,-75.165,14.611,4928.612762904617,1143,False
460,-42.62,-0.004,-79.445,14.523,5737.999779527544,1143,False
461,48.735,0.581,-51.624,16.71,14873.454967629037,1143,False
462,-70.202,0.099,-92.915,14.436,2979.8219667541225,1143,False
463,-9.554,0.01,-45.988,15.223,9044.584941382329,1143,False
464,-13.097,0.133,-56.092,15.398,8690.25934208222,1143,False
465,-29.342,-0.163,-51.99,15.311,7065.8456587926985,1143,False
466,1.877,0.212,-45.062,15.748,10187.683664041997,1143,False
467,-53.551,-0.214,-70.29,14.436,4644.8800244969425,1143,False
468,36.197,0.553,-24.531,15.836,13619.702421697319,1143,False
469,-29.765,-0.152,-63.545,15.748,7023.451048118992,1143,False
470,-24.318,-0.119,-66.543,15.223,7568.163454068272,1143,False
471,-100.117,-0.915,-100.114,13.669,-11.662334208212997,1112,True
472,-1.528,0.187,-66.073,15.311,9847.165483814559,1143,False
473,-56.396,-0.708,-60.683,14.611,4360.369403324579,1143,False
474,-30.823,-0.115,-57.179,14.961,6917.65899212602,1143,False
475,-13.957,0.357,-83.141,15.573,8604.303296587866,1143,False
476,-42.739,-0.306,-63.444,14.961,5726.137067366623,1143,False
477,-10.505,0.141,-51.382,15.136,8949.488773403345,1143,False
478,61.222,0.692,-44.897,16.36,16122.151275590542,1143,False
479,45.712,0.67,-30.23,16.623,14571.24751356079,1143,False
480,6.466,0.248,-41.241,15.486,10646.634495188113,1143,False
481,-19.97,-0.117,-43.9,15.048,8002.999919510061,1143,False
482,65.305,0.809,-30.509,17.148,16530.539727034127,1143,False
483,-31.909,-0.093,-71.689,14.873,6809.144346456698,1143,False
484,31.257,0.487,-32.604,16.273,13125.746866141722,1143,False
485,-57.822,-0.517,-66.088,14.523,4217.822386701646,1143,False
486,-49.93,-0.432,-64.533,14.698,5006.98445144358,1143,False
487,20.951,0.384,-32.605,16.185,12095.052202974648,1143,False
488,-71.164,-0.366,-75.316,13.648,2883.5589746281294,1143,False
489,52.052,0.607,-45.193,16.273,15205.221966754147,1143,False
490,-84.476,-0.222,-94.221,14.173,1552.4070936132975,1143,False
491,-9.721,0.124,-52.48,15.311,9027.860461942259,1143,False
492,13.8,0.379,-74.409,15.748,11379.98347156601,1143,False
493,12.829,0.307,-28.178,16.01,11282.94259667542,1143,False
494,81.88,1.036,-25.511,17.06,18188.01342782149,1143,False
495,32.973,0.499,-42.578,16.098,13297.270015748041,1143,False
496,-51.803,-0.408,-66.126,14.786,4819.709175852987,1143,False
497,-38.489,-0.116,-59.221,14.523,6151.0555275590505,1143,False
498,-81.905,-0.739,-84.461,13.561,1809.4973473315786,1143,False
499,-7.592,0.095,-57.685,15.486,9240.805868766383,1143,False
500,-100.248,-0.806,-100.227,12.953,-24.847447069098052,718,True
501,1.369,0.188,-41.695,15.048,10136.926813648302,1143,False
502,-25.89,-0.122,-38.826,14.523,7411.0311356080565,1143,False
503,-13.214,0.257,-82.883,15.398,8678.591100612428,1143,False
504,11.869,0.308,-49.849,15.223,11186.874075240614,1143,False
505,-60.085,-0.202,-81.803,14.261,3991.458502187209,1143,False
506,-100.575,-0.876,-100.575,13.316,-57.49907611549315,751,True
507,7.785,0.291,-54.25,15.398,10778.485623797014,1143,False
508,-36.134,-0.035,-67.915,14.523,6386.559534558164,1143,False
509,-20.8,-0.025,-51.45,15.311,7919.960934383169,1143,False
510,-16.969,0.031,-48.946,15.048,8303.06819597553,1143,False
511,-54.72,-0.058,-86.227,14.086,4528.0031391075945,1143,False
512,-100.613,-0.664,-100.591,13.826,-61.29125459316856,1056,True
513,-41.09,-0.143,-65.896,14.786,5891.048213473317,1143,False
514,-57.114,-0.38,-71.695,13.736,4288.6097182852145,1143,False
515,-3.722,0.125,-41.424,15.573,9627.802544181983,1143,False
516,-54.594,-0.433,-66.65,14.261,4540.643734033248,1143,False
517,52.284,0.796,-34.123,16.623,15228.363979002665,1143,False
518,16.178,0.341,-29.574,16.623,11617.821126859144,1143,False
519,3.608,0.193,-48.972,15.836,10360.762579177614,1143,False
520,-53.425,-0.627,-70.61,14.961,4657.5206194225575,1143,False
521,-58.794,-0.573,-61.133,14.786,4120.58704111985,1143,False
522,22.734,0.455,-81.76,15.398,12273.38182677164,1143,False
523,107.445,1.179,-17.046,17.935,20744.525133858282,1143,False
524,-41.187,-0.189,-65.315,14.436,5881.324678915122,1143,False
525,11.163,0.291,-36.667,15.486,11116.281214348195,1143,False
526,18.953,0.367,-32.128,16.273,11895.330803149605,1143,False
527,-4.899,0.106,-36.841,16.01,9510.147776027976,1143,False
528,5.578,0.256,-40.095,16.01,10557.761389326333,1143,False
529,6.237,0.222,-30.089,15.748,10623.686953630802,1143,False
530,-11.244,0.026,-55.695,15.223,8875.589910761146,1143,False
531,21.326,0.387,-53.395,16.01,12132.585046369197,1143,False
532,-31.278,-0.097,-58.092,14.786,6872.152850393719,1143,False
533,45.633,0.642,-31.119,16.36,14563.274215223115,1143,False
534,-25.839,-0.224,-52.324,15.573,7416.087373578324,1143,False
535,20.54,0.385,-31.396,16.185,12054.01888713909,1143,False
536,7.616,0.247,-45.383,16.098,10761.56667366578,1143,False
537,-9.935,0.005,-36.426,15.661,9006.468685914242,1143,False
538,-0.68,0.197,-43.794,15.486,9931.954705161848,1143,False
539,-66.715,-0.274,-82.869,14.436,3328.507916010496,1143,False
540,-100.228,-2.005,-100.228,13.324,-22.805504811896753,713,True
541,32.772,0.546,-31.175,16.623,13277.239534558163,1143,False
542,-86.109,-0.12,-94.909,14.173,1389.0517130358494,1143,False
543,-32.546,-0.045,-74.001,14.348,6745.357959755026,1143,False
544,-10.501,0.459,-90.697,15.748,8949.877714785649,1143,False
545,-9.877,0.068,-46.724,15.311,9012.302806649188,1143,False
546,-14.974,0.084,-53.73,14.873,8502.595125109387,1143,False
547,-69.434,0.084,-89.873,13.911,3056.637889763744,1143,False
548,-14.811,-0.047,-47.438,15.048,8518.930663167097,1143,False
549,-29.894,-0.294,-46.161,15.398,7010.615982502211,1143,False
550,30.587,0.491,-35.795,16.098,13058.654477690288,1143,False
551,-44.627,-0.345,-55.678,14.523,5537.30602624671,1143,False
552,-73.016,-0.485,-85.655,14.086,2698.4228766403958,1143,False
553,-54.623,-0.49,-65.153,14.698,4537.726673665769,1143,False
554,-53.088,-0.151,-77.96,14.698,4691.16404899386,1143,False
555,-18.012,-0.026,-50.353,15.223,8198.831905511812,1143,False
556,5.457,0.243,-58.684,15.573,10545.704206474182,1143,False
557,-55.257,-0.636,-57.996,14.173,4474.329228346434,1143,False
558,-100.531,-0.686,-100.5,13.389,-53.123485564290604,956,True
559,-38.256,-0.274,-61.23,15.223,6174.392010498721,1143,False
560,-60.828,0.69,-98.379,14.436,3917.1706981627303,1143,False
561,7.324,0.266,-49.909,15.836,10732.396069991251,1143,False
562,-16.635,-0.051,-35.868,15.311,8336.517154855657,1143,False
563,-10.752,0.024,-45.464,15.398,8924.790995625573,1143,False
564,40.131,0.6,-21.261,16.448,14013.116629921278,1143,False
565,24.371,0.415,-37.129,15.661,12437.126148731395,1143,False
566,-68.562,-0.148,-83.93,14.086,3143.7607594050687,1143,False
567,48.871,0.63,-49.385,16.973,14887.067916010474,1143,False
568,-51.033,-0.549,-59.058,14.786,4896.719569553824,1143,False
569,-100.388,-1.677,-100.328,13.761,-38.75210148728911,763,True
570,-45.339,-0.362,-66.894,15.136,5466.129753280803,1143,False
571,-40.555,-0.371,-55.006,14.961,5944.527653543313,1143,False
572,14.241,0.325,-42.833,15.661,11424.128318460194,1143,False
573,-67.475,-0.132,-89.353,14.173,3252.469875765544,1143,False
574,-35.1,-0.145,-60.773,15.136,6490.017942257247,1143,False
575,-100.031,-2.412,-100.029,13.799,-3.0667296587871533,558,True
576,-100.104,-0.113,-100.092,13.79,-10.398274715642401,1037,True
577,-21.394,0.049,-71.214,15.223,7860.647373578317,1143,False
578,-31.638,-0.064,-67.394,14.698,6836.175772528406,1143,False
579,-34.588,-0.086,-56.902,14.523,6541.163734033247,1143,False
580,-58.541,-0.319,-68.703,14.173,4145.868230971121,1143,False
581,-100.393,-1.03,-100.393,13.793,-39.27717235344244,1102,True
582,-87.465,-0.559,-92.113,13.823,1253.5056412948525,1143,False
583,-75.293,-0.673,-75.293,14.173,2470.697697287863,1143,False
584,-1.136,0.177,-41.87,15.136,9886.448563429576,1143,False
585,-18.045,0.054,-58.469,15.223,8195.52590376206,1143,False
586,22.135,0.42,-32.431,15.923,12213.484853893247,1143,False
587,-10.709,0.082,-39.601,15.486,8929.069350831154,1143,False
588,33.655,0.531,-22.153,16.623,13365.529228346471,1143,False
589,-33.122,-0.341,-52.548,14.961,6687.794635170609,1143,False
590,-3.584,0.152,-42.841,15.223,9641.609963254594,1143,False
591,-76.166,-0.318,-86.017,13.998,2383.380356955381,1143,False
592,-86.426,-0.219,-90.798,14.086,1357.3529903761719,1143,False
593,42.922,0.562,-40.513,16.01,14292.182071741041,1143,False
594,10.692,0.286,-38.609,15.486,11069.219307086625,1143,False
595,-68.77,-0.783,-75.479,14.698,3122.9523954505266,1143,False
596,-43.061,-0.183,-68.964,15.048,5693.85493263341,1143,False
597,27.564,0.435,-38.317,16.448,12756.447023622062,1143,False
598,1.626,0.213,-55.972,15.486,10162.596944881849,1143,False
599,-100.384,-1.645,-100.384,13.574,-38.36316010501832,803,True
600,-7.703,0.114,-50.64,15.311,9229.721039370077,1143,False
601,-16.071,-0.068,-41.633,15.573,8392.913655293112,1143,False
602,125.226,1.376,-21.664,18.023,22522.570663167135,1143,False
603,14.591,0.326,-32.92,16.273,11459.133042869656,1143,False
604,-68.562,-0.754,-80.014,14.173,3143.7607594050887,1143,False
605,-40.598,-0.391,-52.87,14.786,5940.2492983377015,1143,False
606,7.491,0.269,-44.823,15.748,10749.120549431302,1143,False
607,-100.054,-1.41,-100.05,13.711,-5.361483814558596,1094,True
608,29.562,0.474,-27.895,16.01,12956.168423447105,1143,False
609,-42.54,-0.332,-49.894,14.786,5745.9730778652365,1143,False
610,-70.036,-0.953,-74.083,14.173,2996.3519755030693,1143,False
611,-92.189,0.645,-99.9,14.261,781.13633245846,1143,False
612,0.593,0.17,-31.989,15.836,10059.333007873965,1143,False
613,-94.112,-0.699,-96.266,13.211,588.8048188976154,1143,False
614,71.33,1.066,-23.492,16.885,17133.009928259,1143,False
615,-56.754,-0.416,-60.495,13.998,4324.586796150459,1143,False
616,-100.041,0.345,-100.037,13.267,-4.136318460163238,603,True
617,-100.253,-1.645,-100.253,13.956,-25.294729658780852,1039,True
618,-48.17,-0.2,-65.139,14.086,5182.980426946622,1143,False
619,-18.772,-0.095,-43.633,15.398,8122.793865266854,1143,False
620,-28.77,-0.138,-46.998,14.698,7123.020041994758,1143,False
621,-60.085,-0.385,-66.681,13.998,3991.458502187231,1143,False
622,-15.122,-0.085,-44.42,15.486,8487.81535258094,1143,False
623,-2.013,0.18,-47.536,15.398,9798.742281714802,1143,False
624,29.684,0.5,-27.486,16.36,12968.420076990384,1143,False
625,-30.433,-0.193,-44.963,14.873,6956.747601049907,1143,False
626,-28.536,-0.059,-68.386,14.873,7146.356524934392,1143,False
627,-14.984,-0.014,-38.235,15.661,8501.62277165356,1143,False
628,-37.653,-0.031,-74.926,14.611,6234.6779247594095,1143,False
629,-85.159,-0.344,-92.14,13.561,1484.1478810148656,1143,False
630,-27.337,-0.093,-57.184,14.873,7266.344941382311,1143,False
631,16.684,0.352,-59.702,15.836,11668.383506561708,1143,False
632,0.449,0.181,-44.756,15.748,10044.942176727902,1143,False
633,6.054,0.243,-66.369,15.748,10605.406708661429,1143,False
634,-100.507,-1.155,-100.476,13.627,-50.71204899390068,998,True
635,-21.604,-0.106,-51.115,15.748,7839.644538932654,1143,False
636,69.512,0.892,-22.853,17.235,16951.17983202097,1143,False
637,110.39,1.275,-20.736,17.935,21038.953760279936,1143,False
638,-50.597,-0.439,-69.736,14.873,4940.281004374447,1143,False
639,-28.861,-0.088,-63.296,15.398,7113.879919510064,1143,False
640,-87.129,-0.454,-90.035,13.823,1287.149070866135,1143,False
641,30.569,0.466,-38.717,16.535,13056.90424146986,1143,False
642,-41.093,-0.37,-54.126,14.523,5890.6592720910085,1143,False
643,-30.298,-0.075,-58.738,14.873,6970.16607874017,1143,False
644,21.367,0.388,-37.592,16.273,12136.66893088365,1143,False
645,-100.563,-0.749,-100.563,13.378,-56.31280489938399,1054,True
646,15.402,0.331,-22.899,15.836,11540.227321084878,1143,False
647,33.138,0.503,-39.806,15.923,13313.800024496975,1143,False
648,3.946,0.221,-47.52,15.398,10394.600479440076,1143,False
649,-77.675,-0.545,-85.351,13.648,2232.4711006124217,1143,False
650,88.387,1.229,-12.657,17.673,18838.712360454945,1143,False
651,-20.441,-0.078,-43.699,15.311,7955.938012248465,1143,False
652,-78.115,-0.558,-85.816,13.911,2188.5207244094454,1143,False
653,-54.893,-0.25,-67.279,14.261,4510.695247594046,1143,False
654,-6.75,0.124,-54.095,15.311,9325.011678040248,1143,False
655,-10.84,0.054,-44.8,15.573,8916.039814523181,1143,False
656,-35.533,-0.052,-65.585,15.136,6446.650978127733,1143,False
657,-38.318,-0.193,-63.685,14.873,6168.168948381467,1143,False
658,-17.247,0.144,-80.287,15.573,8275.258887139129,1143,False
659,34.653,0.519,-30.017,16.535,13465.292692913368,1143,False
660,-57.275,-0.705,-69.247,14.348,4272.468650918616,1143,False
661,-57.345,-0.565,-64.204,14.436,4265.467706036739,1143,False
662,-100.472,-1.167,-100.451,13.276,-47.17268241468628,934,True
663,-23.953,-0.051,-49.709,15.136,7604.723944007006,1143,False
664,-100.486,-1.28,-100.474,14.272,-48.63121259844411,1009,True
665,-74.933,-0.625,-77.728,14.436,2506.674775153074,1143,False
666,0.673,0.227,-57.203,15.048,10067.306306211733,1143,False
667,28.797,0.454,-46.499,15.836,12879.741441819762,1143,False
668,-50.642,-0.253,-70.951,15.223,4935.8081784777,1143,False
669,-48.12,-0.122,-71.785,14.786,5188.036664916881,1143,False
670,-100.3,-1.808,-100.257,14.255,-29.9814733158164,926,True
671,-61.153,0.016,-91.956,14.086,3884.694092738392,1143,False
672,-100.57,0.044,-100.484,13.53,-57.03234645669909,983,True
673,69.514,0.861,-31.308,16.623,16951.374302712156,1143,False
674,-38.762,-0.193,-66.04,14.611,6123.829630796146,1143,False
675,-63.714,0.266,-96.205,13.998,3628.5761924759236,1143,False
676,-20.867,-0.133,-38.206,15.748,7913.348930883667,1143,False
677,-24.476,-0.06,-46.993,14.698,7552.411328083992,1143,False
678,85.873,1.08,-19.301,18.11,18587.26175678041,1143,False
679,73.882,0.883,-29.084,17.235,17388.155475065596,1143,False
680,4.817,0.229,-43.703,16.098,10481.723349081358,1143,False
681,0.609,0.239,-51.255,15.223,10060.888773403367,1143,False
682,-25.643,0.045,-71.022,15.136,7435.728913385859,1143,False
683,-100.582,-1.064,-100.582,12.542,-58.21861767279552,590,True
684,-13.486,0.013,-37.274,15.486,8651.36520384956,1143,False
685,51.988,0.673,-33.95,16.885,15198.804433945737,1143,False
686,-54.255,-0.405,-67.948,14.786,4574.4816342957,1143,False
687,-89.863,-0.335,-92.177,13.648,1013.7232790900962,1143,False
688,91.855,0.995,-35.261,17.06,19185.45360279963,1143,False
689,-29.359,0.085,-73.456,14.611,7064.095422572191,1143,False
690,-64.57,-0.641,-69.48,14.261,3543.009088363945,1143,False
691,-36.984,-0.051,-74.683,15.311,6301.575842519656,1143,False
692,-1.025,0.156,-38.555,16.273,9897.533392825891,1143,False
693,-5.956,0.081,-36.059,15.573,9404.355720034982,1143,False
694,8.835,0.329,-65.196,16.098,10883.499797025377,1143,False
695,6.182,0.219,-30.575,16.185,10618.241774278224,1143,False
696,-6.944,0.142,-50.523,15.661,9305.564608923876,1143,False
697,-42.046,-0.276,-60.002,15.223,5795.368633420833,1143,False
698,60.144,0.638,-54.458,16.535,16014.414512685924,1143,False
699,-45.492,0.055,-90.473,15.136,5450.766568678932,1143,False
700,-95.497,0.151,-98.442,13.211,450.34168678916285,1143,False
701,1.169,0.171,-33.36,15.661,10116.896332458435,1143,False
702,-48.162,-0.404,-71.159,15.048,5183.758309711301,1143,False
703,-6.507,0.138,-52.781,15.486,9349.3205144357,1143,False
704,32.452,0.534,-32.33,16.448,13245.151870516193,1143,False
705,-84.05,0.293,-98.591,13.998,1594.9961749781396,1143,False
706,-94.242,-0.032,-97.862,13.648,575.7752825897078,1143,False
707,-61.54,-0.526,-83.156,14.873,3845.994425196839,1143,False
708,5.469,0.229,-41.228,15.661,10546.871030621187,1143,False
709,-13.189,-0.034,-37.631,15.311,8681.119219597578,1143,False
710,-55.84,-0.373,-63.625,14.523,4415.988020997379,1143,False
711,-68.022,-0.019,-91.56,14.086,3197.8236115485097,1143,False
712,-35.362,-0.165,-65.572,14.698,6463.764398950136,1143,False
713,-38.295,-0.16,-60.189,14.961,6170.502596675405,1143,False
714,10.412,0.282,-41.6,16.36,11041.215527558994,1143,False
715,51.136,0.658,-23.32,16.273,15113.626271216115,1143,False
716,0.638,0.198,-41.759,15.223,10063.805833770804,1143,False
717,-84.435,-0.832,-86.849,14.173,1556.4909781277274,1143,False
718,-71.021,-0.151,-94.014,13.823,2897.9498057743094,1143,False
719,16.184,0.341,-53.959,16.01,11618.404538932635,1143,False
720,19.675,0.387,-28.054,15.836,11967.479429571315,1143,False
721,46.977,0.699,-21.748,16.973,14697.653462817132,1143,False
722,-34.293,-0.073,-73.77,14.786,6570.7232790901135,1143,False
723,38.023,0.537,-41.147,16.798,13802.310400699913,1143,False
724,-18.043,-0.072,-40.267,15.398,8195.720374453178,1143,False
725,30.353,0.514,-21.054,16.273,13035.317994750634,1143,False
726,-10.719,0.042,-40.991,14.873,8928.096997375318,1143,False
727,-50.395,-0.176,-86.371,14.173,4960.5059562554825,1143,False
728,-12.082,0.002,-33.447,15.573,8791.773042869654,1143,False
729,-8.028,0.126,-38.422,15.311,9197.244433945778,1143,False
730,-100.234,-1.659,-100.227,14.074,-23.40836395450242,540,True
731,-24.538,-0.053,-46.812,15.223,7546.18826596679,1143,False
732,-18.49,0.156,-72.764,15.048,8150.992115485554,1143,False
733,-69.299,-0.475,-69.942,14.786,3070.056367454059,1143,False
734,6.774,0.244,-30.641,15.836,10677.360864391963,1143,False
735,-34.742,-0.237,-56.105,14.873,6525.800549431324,1143,False
736,-50.333,-0.044,-78.687,14.348,4966.729018372671,1143,False
737,17.471,0.355,-31.77,16.535,11747.14413648292,1143,False
738,-100.35,-0.429,-100.338,13.194,-34.9793700787468,955,True
739,5.064,0.224,-36.985,15.573,10506.42112685917,1143,False
740,-4.811,0.156,-41.198,15.398,9518.898957130372,1143,False
741,16.596,0.348,-46.396,15.573,11659.632325459315,1143,False
742,53.713,0.705,-27.233,16.623,15371.299937007854,1143,False
743,-45.389,-0.511,-60.484,14.873,5461.073515310603,1143,False
744,23.033,0.405,-33.808,16.273,12303.330313210827,1143,False
745,-28.857,-0.226,-48.218,14.786,7114.2688608924145,1143,False
746,-73.784,-0.546,-87.337,14.436,2621.606953630786,1143,False
747,2.552,0.207,-40.153,15.748,10255.164993875778,1143,False
748,24.218,0.437,-29.83,15.923,12421.762964129495,1143,False
749,-38.616,-0.263,-56.672,14.786,6138.414932633423,1143,False
750,-43.573,-0.309,-57.74,14.173,5642.709140857376,1143,False
751,-9.838,0.104,-49.399,15.836,9016.19222047244,1143,False
752,8.744,0.281,-52.01,15.573,10874.359674540698,1143,False
753,-38.4,-0.41,-61.041,14.786,6160.001179352601,1143,False
754,24.564,0.442,-28.175,16.36,12456.378747156643,1143,False
755,60.817,0.742,-41.948,16.798,16081.701371828483,1143,False
756,-57.695,-0.311,-79.071,14.523,4230.462981627265,1143,False
757,-17.819,-0.184,-53.528,14.873,8218.084503937007,1143,False
758,-100.029,-1.9,-100.028,13.273,-2.9306001749810093,889,True
759,-37.286,-0.087,-69.998,15.836,6271.43288538932,1143,False
760,-35.487,-0.239,-54.017,15.486,6451.318274715695,1143,False
761,-100.549,-2.152,-100.534,13.242,-54.93206299212943,657,True
762,-100.45,-0.621,-100.426,13.78,-44.994610673662464,820,True
763,48.554,0.598,-42.733,16.448,14855.369193350825,1143,False
764,12.771,0.302,-37.543,15.573,11277.108475940493,1143,False
765,65.231,0.861,-29.215,16.798,16523.14984076988,1143,False
766,-43.268,-0.329,-56.83,14.611,5673.2410393701,1143,False
767,-51.879,-0.725,-68.705,14.348,4812.124818897649,1143,False
768,-41.685,-0.266,-62.745,14.611,5831.540181977251,1143,False
769,37.673,0.564,-28.984,16.535,13767.305676290474,1143,False
770,2.246,0.194,-38.638,15.748,10224.633095363079,1143,False
771,-22.115,-0.097,-38.735,15.748,7788.498747156615,1143,False
772,-24.536,0.371,-92.847,14.873,7546.382736657883,1143,False
773,-26.95,-0.034,-58.45,15.048,7305.044608923898,1143,False
774,35.295,0.57,-25.039,15.923,13529.468020997369,1143,False
775,-78.134,-0.31,-91.419,13.736,2186.5760174977895,1143,False
776,-6.968,0.072,-50.072,15.311,9303.230960629926,1143,False
777,30.001,0.46,-46.755,16.098,13000.11879965005,1143,False
778,46.687,0.638,-37.656,16.36,14668.677329833787,1143,False
779,-53.139,-0.804,-73.282,14.086,4686.10781102363,1143,False
780,-25.188,-0.094,-53.84,15.048,7481.235055118097,1143,False
781,-39.68,-0.004,-78.272,14.261,6032.039464566914,1143,False
782,-26.866,-0.127,-41.609,14.786,7313.406848643948,1143,False
783,-77.156,-0.304,-79.104,14.173,2284.394775153105,1143,False
784,-100.148,-2.237,-100.148,12.707,-14.832206474196937,543,True
785,1.55,0.228,-60.166,15.311,10155.012587926523,1143,False
786,-6.052,0.127,-41.24,15.573,9394.826656167952,1143,False
787,58.359,0.84,-20.421,17.41,15835.890418197694,1143,False
788,-12.203,-0.037,-46.349,15.573,8779.715860017499,1143,False
789,-28.342,-0.273,-44.629,14.698,7165.803594050751,1143,False
790,-12.199,0.009,-33.381,16.098,8780.104801399837,1143,False
791,3.232,0.195,-39.693,16.273,10323.229735783027,1143,False
792,-0.389,0.192,-48.508,15.573,9961.125308836406,1143,False
793,6.678,0.245,-28.422,16.185,10667.831800524946,1143,False
794,7.308,0.236,-36.901,15.311,10730.840304461955,1143,False
795,22.913,0.41,-33.495,15.923,12291.273130358719,1143,False
796,-2.785,0.113,-36.033,15.661,9721.537417322868,1143,False
797,-27.414,0.042,-68.687,14.786,7258.566113735747,1143,False
798,-9.966,0.043,-45.179,15.661,9003.357154855647,1143,False
799,-74.379,-0.637,-78.034,14.348,2562.09892213474,1143,False
800,4.284,0.254,-64.539,15.136,10428.43837970253,1143,False
801,-68.459,-0.015,-92.775,14.348,3154.067706036706,1143,False
802,-40.475,-0.129,-64.372,14.611,5952.500951881046,1143,False
803,9.393,0.275,-55.635,16.098,10939.312885389292,1143,False
804,-100.233,-1.903,-100.191,13.088,-23.291681539838464,978,True
805,-17.693,0.072,-52.159,15.573,8230.725098862693,1143,False
806,-60.179,-0.52,-72.649,14.261,3982.123909011376,1143,False
807,-100.583,-1.291,-100.525,13.736,-58.276958880127495,961,True
808,-55.449,-0.318,-68.883,14.261,4455.076629921261,1143,False
809,-100.435,-1.387,-100.435,13.333,-43.5360804899301,735,True
810,-19.369,0.01,-51.382,14.961,8063.091363079637,1143,False
811,-76.96,0.389,-97.656,14.173,2304.03631496061,1143,False
812,-13.871,-0.037,-47.451,15.136,8612.860006999123,1143,False
813,-76.106,-0.749,-79.271,14.086,2389.408948381455,1143,False
814,-90.518,-0.054,-94.153,13.736,948.1866561679781,1143,False
815,-32.712,-0.239,-46.448,15.223,6728.827951006111,1143,False
816,-14.136,0.027,-46.593,15.223,8586.411993000864,1143,False
817,-8.996,0.223,-75.643,14.611,9100.398029746284,1143,False
818,-5.075,0.25,-69.94,15.136,9492.450943132098,1143,False
819,-34.275,-0.126,-58.127,14.961,6572.473515310608,1143,False
820,-25.405,-0.097,-54.3,15.311,7459.454337707804,1143,False
821,10.63,0.284,-35.664,15.923,11062.99624496939,1143,False
822,-38.344,-0.194,-55.756,14.786,6165.640829396312,1143,False
823,14.918,0.333,-31.651,15.573,11491.804118985125,1143,False
824,21.227,0.383,-60.803,15.748,12122.667041119867,1143,False
825,-20.376,0.055,-68.468,15.223,7962.355545056874,1143,False
826,-14.183,0.197,-77.221,14.873,8581.744696412958,1143,False
827,-9.937,0.136,-56.151,15.136,9006.274215223084,1143,False
828,-100.019,-0.125,-100.017,13.725,-1.880458442685267,1071,True
829,-60.01,-0.423,-70.296,14.261,3999.042859142628,1143,False
830,-91.835,-0.214,-97.278,14.086,816.5299982502202,1143,False
831,-28.641,-0.138,-44.545,14.523,7135.855107611542,1143,False
832,2.03,0.272,-75.862,15.486,10203.046848643891,1143,False
833,-33.299,-0.107,-63.493,14.786,6670.097802274742,1143,False
834,65.788,0.86,-21.631,16.798,16578.768458442682,1143,False
835,107.126,1.301,-25.539,17.498,20712.63194050746,1143,False
836,-5.099,0.136,-40.541,15.748,9490.117294838155,1143,False
837,-1.608,0.121,-36.553,15.573,9839.19218547682,1143,False
838,-38.124,-0.222,-44.546,14.786,6187.616017497844,1143,False
839,-100.128,-1.397,-100.117,13.353,-12.770817147891648,1041,True
840,26.125,0.456,-34.913,16.273,12612.538712160973,1143,False
841,-49.545,-0.191,-76.506,14.698,5045.489648293947,1143,False
842,-100.046,-0.216,-100.045,13.608,-4.622495188092216,948,True
843,-100.292,-0.681,-100.286,13.431,-29.164696412932244,752,True
844,-72.819,-0.49,-82.679,14.611,2718.064416447929,1143,False
845,-45.321,-0.47,-51.801,14.698,5467.879989501331,1143,False
846,-55.327,-0.239,-70.062,14.436,4467.328283464568,1143,False
847,-33.453,-0.1,-58.935,14.961,6654.734617672802,1143,False
848,34.143,0.553,-24.859,16.36,13414.341371828461,1143,False
849,-27.749,-0.007,-62.072,15.223,7225.117154855638,1143,False
850,10.321,0.277,-32.413,15.311,11032.075405074358,1143,False
851,-59.356,-0.566,-73.176,14.436,4064.3850113735652,1143,False
852,-37.787,-0.2,-56.632,14.961,6221.259447069098,1143,False
853,4.273,0.214,-46.188,15.573,10427.271555555539,1143,False
854,-37.999,-0.079,-77.374,15.486,6200.062141732249,1143,False
855,-20.833,0.017,-52.961,15.048,7916.654932633435,1143,False
856,-100.087,-2.126,-100.085,13.905,-8.667485564325034,1014,True
857,18.72,0.361,-45.256,16.273,11871.994320209982,1143,False
858,-100.18,-0.636,-100.174,12.162,-18.002078740151774,444,True
859,-100.014,-1.06,-100.013,13.158,-1.394281714763565,836,True
860,0.98,0.167,-43.855,15.748,10098.032675415569,1143,False
861,-44.396,-0.37,-48.758,14.523,5560.448038495217,1143,False
862,-66.76,-0.253,-80.304,14.436,3324.0350901137417,1143,False
863,-25.477,-0.085,-54.728,15.048,7452.25892213472,1143,False
864,-19.855,-0.011,-44.259,15.486,8014.473690288685,1143,False
865,25.653,0.451,-30.713,16.448,12565.282334208237,1143,False
866,-42.198,-0.297,-54.254,14.261,5780.199919510044,1143,False
867,-37.167,-0.242,-52.274,14.873,6283.295597550328,1143,False
868,20.56,0.378,-42.637,15.748,12055.963594050747,1143,False
869,74.957,0.749,-46.699,16.973,17495.697767279064,1143,False
870,-81.983,-0.35,-87.186,13.998,1801.718519685006,1143,False
871,-100.148,-0.288,-100.136,13.772,-14.832206474187842,973,True
872,-100.476,0.584,-100.454,13.873,-47.56162379696616,1074,True
873,-86.053,-1.157,-88.505,13.998,1394.691363079637,1143,False
874,-33.82,-0.043,-73.319,15.048,6617.979657042875,1143,False
875,-25.929,-0.256,-63.281,15.398,7407.141721784785,1143,False
876,-82.059,-0.519,-85.504,14.261,1794.1341627296642,1143,False
877,-16.997,-0.032,-43.08,15.923,8300.34560629919,1143,False
878,18.138,0.366,-36.662,16.185,11813.847583552068,1143,False
879,-10.875,0.064,-36.839,15.748,8912.539342082244,1143,False
880,8.236,0.254,-40.658,16.098,10823.602824146985,1143,False
881,-100.053,-1.776,-100.052,13.624,-5.303142607150221,1123,True
882,-25.532,-0.054,-57.289,14.348,7446.813742782154,1143,False
883,97.5,0.952,-39.718,17.585,19750.002019247586,1143,False
884,-37.995,-0.192,-58.077,15.311,6200.451083114651,1143,False
885,-47.365,-0.388,-75.421,14.873,5263.491293088369,1143,False
886,4.782,0.22,-32.121,15.573,10478.222876640424,1143,False
887,-14.383,0.019,-58.896,15.398,8561.714215223075,1143,False
888,52.739,0.681,-32.08,16.623,15273.870120734893,1143,False
889,46.109,0.629,-31.383,16.623,14610.919534558165,1143,False
890,-24.454,-0.083,-44.131,15.398,7554.550505686771,1143,False
891,8.537,0.258,-29.881,16.01,10853.745781277368,1143,False
892,-46.712,-0.531,-67.297,14.786,5328.833445319356,1143,False
893,32.403,0.543,-37.744,16.36,13240.29010323709,1143,False
894,-69.692,-0.339,-74.377,14.523,3030.773287838986,1143,False
895,56.251,0.795,-21.212,17.235,15625.084188976347,1143,False
896,-73.467,-0.407,-84.727,13.561,2653.3056762904644,1143,False
897,-27.488,-0.121,-44.558,15.311,7251.17622747156,1143,False
898,32.259,0.481,-58.502,16.623,13225.89927209098,1143,False
899,-44.45,-0.236,-58.763,14.261,5555.002859142625,1143,False
900,-12.78,-0.012,-45.44,15.573,8721.958064741908,1143,False
901,-3.397,0.161,-60.57,15.486,9660.279149606304,1143,False
902,-100.156,-1.861,-100.154,13.255,-15.571195100606928,679,True
903,-88.465,-0.168,-92.478,14.173,1153.5477060367375,1143,False
904,-46.204,-0.286,-55.734,14.436,5379.590295713055,1143,False
905,-49.707,-0.203,-76.227,14.173,5029.348580927361,1143,False
906,18.028,0.361,-37.519,15.923,11802.762754155723,1143,False
907,28.609,0.489,-26.587,16.01,12860.877784776929,1143,False
908,-44.792,-0.188,-65.079,14.436,5520.776017497813,1143,False
909,-47.544,-0.304,-67.249,14.786,5245.599989501289,1143,False
910,19.056,0.369,-50.338,15.836,11905.637749781294,1143,False
911,27.846,0.445,-38.152,16.273,12784.645273840775,1143,False
912,-40.979,-0.236,-64.618,14.611,5902.133042869626,1143,False
913,-21.421,-0.117,-37.111,15.223,7857.92478390203,1143,False
914,-63.391,-0.297,-69.165,14.611,3660.85832720908,1143,False
915,-100.401,-1.976,-100.398,13.362,-40.093949256366614,696,True
916,11.219,0.291,-56.209,16.185,11121.920864391925,1143,False
917,-62.845,-0.278,-79.665,14.348,3715.50459142609,1143,False
918,-3.384,0.115,-38.859,15.748,9661.640444444476,1143,False
919,-21.213,-0.082,-50.221,15.223,7878.7331478565275,1143,False
920,-66.732,0.742,-98.63,14.523,3326.757679790031,1143,False
921,-41.963,-0.409,-51.597,15.048,5803.730873140861,1143,False
922,-66.071,-0.258,-86.341,13.911,3392.8777147856363,1143,False
923,21.542,0.394,-39.781,16.098,12154.171293088386,1143,False
924,-38.034,-0.001,-83.261,14.873,6196.561669291354,1143,False
925,-26.31,-0.104,-46.984,15.223,7369.025466316721,1143,False
926,27.646,0.431,-44.734,15.573,12764.614792650915,1143,False
927,-29.097,-0.049,-59.073,15.398,7090.348965879281,1143,False
928,-17.459,0.004,-52.114,14.961,8254.061581802278,1143,False
929,-47.927,0.042,-79.478,14.523,5207.289263342066,1143,False
930,-39.503,-0.284,-55.316,15.311,6049.736297462805,1143,False
931,-100.209,-0.565,-100.193,13.803,-20.8996920385016,1007,True
932,118.168,1.024,-58.433,17.848,21816.836524934417,1143,False
933,2.913,0.209,-45.858,15.048,10291.3365424322,1143,False
934,19.704,0.373,-37.99,16.273,11970.396489938785,1143,False
935,-22.895,-0.122,-44.436,15.398,7710.516000000003,1143,False
936,-74.416,-0.255,-82.915,14.261,2558.403979002587,1143,False
937,88.955,1.033,-20.329,17.148,18895.497802274724,1143,False
938,2.532,0.241,-57.85,15.661,10253.220286964093,1143,False
939,-12.778,0.081,-54.362,15.923,8722.152535433048,1143,False
940,37.471,0.498,-71.895,15.573,13747.08072440943,1143,False
941,62.18,0.695,-56.823,16.623,16218.025326334204,1143,False
942,-34.052,-0.008,-70.299,14.786,6594.837644794407,1143,False
943,-2.003,0.164,-34.418,15.398,9799.714635170589,1143,False
944,-70.394,-0.844,-74.002,14.436,2960.56936832897,1143,False
945,-48.833,-0.406,-50.985,14.261,5116.665921259837,1143,False
946,19.735,0.375,-29.27,16.01,11973.508020997377,1143,False
947,-100.406,-1.489,-100.362,13.26,-40.6190201224872,905,True
948,-8.07,0.134,-58.434,15.573,9192.966078740175,1143,False
949,-77.666,-0.221,-93.758,14.348,2233.443454068237,1143,False
950,-100.339,-1.374,-100.282,13.843,-33.89033420823034,1033,True
951,40.396,0.565,-30.422,16.273,14039.56464391953,1143,False
952,-60.369,-0.34,-75.315,14.086,3963.0657812773043,1143,False
953,21.896,0.394,-70.066,15.573,12189.564958880153,1143,False
954,-23.539,0.138,-71.166,15.223,7646.146201224837,1143,False
955,-49.047,-0.494,-65.924,14.173,5095.274145231853,1143,False
956,-100.485,0.409,-100.426,13.382,-48.45618897638451,1106,True
957,-31.129,-0.003,-74.428,14.611,6887.127093613319,1143,False
958,-53.771,-0.137,-88.092,14.436,4622.904836395432,1143,False
959,-70.042,0.034,-92.582,14.611,2995.768563429562,1143,False
960,-2.024,0.14,-34.869,15.311,9797.575457567835,1143,False
961,87.504,0.899,-28.418,16.36,18750.422666666665,1143,False
962,49.341,0.713,-22.212,16.798,14934.129823272098,1143,False
963,-70.663,0.024,-94.32,13.736,2933.732412948397,1143,False
964,-29.935,-0.152,-52.425,15.398,7006.5320979877715,1143,False
965,54.17,0.687,-32.077,16.71,15417.000549431323,1143,False
966,-93.297,-1.349,-94.938,13.998,670.2880384952005,1143,False
967,-59.761,-0.43,-67.915,14.523,4023.935107611538,1143,False
968,0.685,0.156,-38.261,15.661,10068.473130358725,1143,False
969,-62.223,-0.495,-66.08,13.911,3777.7352125984253,1143,False
970,28.14,0.468,-26.292,15.923,12814.010348206491,1143,False
971,-3.096,0.097,-37.518,15.573,9690.422106736658,1143,False
972,27.211,0.433,-45.907,15.836,12721.053357830286,1143,False
973,-12.44,0.041,-46.417,15.223,8755.990435695523,1143,False
974,77.203,0.786,-44.464,16.71,17720.311415573055,1143,False
975,-35.804,-0.259,-70.466,15.661,6419.619552055976,1143,False
976,-55.06,-0.424,-65.006,14.173,4493.970768153965,1143,False
977,-29.155,-0.265,-50.219,15.136,7084.5148451443765,1143,False
978,69.051,0.949,-27.158,17.41,16905.09027821521,1143,False
979,-46.439,-0.137,-74.751,14.523,5356.059342082211,1143,False
980,11.132,0.612,-95.529,15.923,11113.169683289589,1143,False
981,13.032,0.31,-39.047,16.448,11303.167548556426,1143,False
982,-19.696,0.292,-86.524,14.873,8030.420286964125,1143,False
983,24.253,0.406,-55.994,16.098,12425.263436570436,1143,False
984,-62.11,-0.666,-65.722,14.348,3789.0145126859234,1143,False
985,-40.695,-0.108,-66.861,14.611,5930.525763779502,1143,False
986,-67.874,-0.328,-79.011,14.086,3212.603384076984,1143,False
987,-40.634,-0.135,-62.159,14.698,5936.554355205617,1143,False
988,-6.017,0.077,-39.782,15.486,9398.327128608922,1143,False
989,-79.678,-0.689,-83.345,13.736,2032.1662887138946,1143,False
990,-42.709,-0.202,-51.412,14.786,5729.054127734047,1143,False
991,-76.785,-0.391,-89.188,14.261,2321.5386771653357,1143,False
992,35.266,0.501,-31.713,16.798,13526.550960629953,1143,False
993,-21.687,-0.097,-53.46,15.836,7831.282299212607,1143,False
994,-63.109,-0.35,-84.363,14.173,3689.05657742781,1143,False
995,-19.163,-0.019,-55.053,15.048,8083.705256342974,1143,False
996,5.922,0.247,-51.096,16.448,10592.182701662316,1143,False
997,-22.413,0.091,-59.316,15.136,7758.74473140861,1143,False
998,-28.984,-0.194,-46.551,15.223,7101.628265966767,1143,False
999,-0.352,0.161,-29.105,15.661,9964.820251968491,1143,False
1000,-54.912,-0.719,-62.732,15.048,4508.750540682432,1143,False
